pdb_id,position,wild_type,mutant,ddg
1A0FA,11,S,A,1.8
1BA3A,461,H,D,1.745
1BA3A,489,H,D,-0.287
1BA3A,489,H,K,0.287
1BA3A,489,H,M,0.263
1BFMA,35,M,W,0.7
1BFMA,35,M,Y,0.4
1BNLA,76,D,A,0.821
1DIVA,23,D,A,0.46
1DIVA,23,D,N,0.58
1DIVA,8,D,N,0.3
1DIVA,100,E,A,0.98
1DIVA,100,E,G,1.52
1DIVA,17,E,Q,0.21
1DIVA,38,E,Q,0.56
1DIVA,48,E,Q,-0.03
1DIVA,54,E,Q,-0.33
1DIVA,106,H,Q,1.53
1DIVA,134,H,Q,0.34
1DIVA,144,H,Q,0.56
1DIVA,115,I,A,3.52
1DIVA,121,I,A,2.88
1DIVA,4,I,A,2.22
1DIVA,4,I,V,0.59
1DIVA,79,I,A,3.49
1DIVA,93,I,A,3.19
1DIVA,98,I,A,4.28
1DIVA,10,K,M,-0.05
1DIVA,14,K,M,-0.01
1DIVA,15,K,M,0.31
1DIVA,7,K,M,-0.35
1DIVA,96,K,A,-0.61
1DIVA,96,K,G,0.2
1DIVA,102,L,A,2.37
1DIVA,108,L,A,2.33
1DIVA,110,L,A,3.21
1DIVA,117,L,A,0.82
1DIVA,133,L,A,2.94
1DIVA,141,L,A,3.56
1DIVA,30,L,A,2.76
1DIVA,30,L,V,3.62
1DIVA,6,L,A,3.1
1DIVA,6,L,I,0.13
1DIVA,6,L,V,0.41
1DIVA,72,L,A,3.77
1DIVA,1,M,A,1.46
1DIVA,1,M,G,2.36
1DIVA,129,V,A,1.81
1DIVA,131,V,A,1.93
1DIVA,137,V,A,2.41
1DIVA,143,V,A,3.25
1DIVA,145,V,A,1.92
1DIVA,21,V,A,2.33
1DIVA,21,V,I,0.4
1DIVA,21,V,L,1.23
1DIVA,3,V,A,2.55
1DIVA,3,V,I,0.31
1DIVA,3,V,L,2.21
1EKGA,198,L,C,1.0
1EKGA,200,L,C,2.0
1EKGA,203,L,C,-1.0
1EKGA,181,S,F,2.6
1FRDA,42,H,R,-2.0
1FT8A,264,I,V,0.64
1FT8A,212,L,V,1.38
1FT8A,238,L,I,0.35
1FT8A,267,L,I,0.11
1FT8A,293,L,I,0.8
1FT8A,293,L,V,1.41
1FT8A,315,L,A,1.65
1FT8A,317,L,I,0.85
1FT8A,348,L,I,0.53
1FT8A,349,L,I,-0.05
1FT8A,216,M,L,-0.27
1FT8A,339,S,A,-0.32
1FT8A,287,V,A,0.16
1FXAA,94,E,D,1.1
1FXAA,94,E,K,0.4
1FXAA,94,E,Q,-0.6
1FXAA,95,E,K,-1.0
1FXAA,65,F,A,1.29
1FXAA,65,F,I,0.9
1FXAA,65,F,W,0.6
1FXAA,65,F,Y,0.5
1FXAA,42,R,A,2.4
1FXAA,42,R,H,2.0
1FXAA,48,T,A,-0.1
1G3PA,147,A,K,0.287
1G3PA,160,D,A,0.263
1G3PA,160,D,C,0.096
1G3PA,160,D,E,0.359
1G3PA,160,D,F,0.359
1G3PA,160,D,G,0.669
1G3PA,160,D,H,-0.048
1G3PA,160,D,I,0.932
1G3PA,160,D,K,0.335
1G3PA,160,D,L,0.55
1G3PA,160,D,M,0.502
1G3PA,160,D,N,-0.072
1G3PA,160,D,P,0.645
1G3PA,160,D,Q,0.478
1G3PA,160,D,R,0.669
1G3PA,160,D,S,0.287
1G3PA,160,D,T,0.741
1G3PA,160,D,V,1.123
1G3PA,160,D,W,0.167
1G3PA,160,D,Y,0.072
1G3PA,136,F,V,3.705
1G3PA,138,N,G,-0.765
1G3PA,139,N,K,0.43
1G3PA,139,N,V,2.032
1G3PA,137,Q,N,1.793
1G3PA,145,Q,N,-0.263
1G3PA,144,R,V,-0.765
1GUAB,118,A,G,1.963
1GUAB,118,A,L,1.951
1GUAB,85,A,G,2.149
1GUAB,97,A,G,0.863
1GUAB,81,C,A,-0.283
1GUAB,81,C,I,0.912
1GUAB,95,C,A,0.08
1GUAB,96,C,A,1.759
1GUAB,96,C,L,0.043
1GUAB,96,C,M,0.337
1GUAB,117,D,A,0.706
1GUAB,129,D,A,0.855
1GUAB,80,D,A,0.493
1GUAB,104,E,A,-0.021
1GUAB,124,E,A,0.101
1GUAB,125,E,A,0.591
1GUAB,58,I,A,3.274
1GUAB,58,I,F,1.299
1GUAB,58,I,L,0.771
1GUAB,109,K,A,0.327
1GUAB,112,L,A,2.593
1GUAB,121,L,A,2.534
1GUAB,126,L,A,3.405
1GUAB,62,L,A,3.46
1GUAB,78,L,A,3.803
1GUAB,82,L,A,3.529
1GUAB,82,L,I,1.6
1GUAB,82,L,V,1.7
1GUAB,86,L,A,3.226
1GUAB,91,L,A,1.575
1GUAB,76,M,A,0.961
1GUAB,56,N,M,-0.271
1GUAB,64,N,A,1.14
1GUAB,63,P,A,1.708
1GUAB,93,P,A,0.082
1GUAB,66,Q,A,0.504
1GUAB,100,R,A,0.693
1GUAB,59,R,A,-0.178
1GUAB,89,R,L,-1.078
1GUAB,77,S,A,1.573
1GUAB,77,S,T,-0.581
1GUAB,68,T,A,0.109
1GUAB,128,V,A,3.368
1GUAB,60,V,A,2.251
1GUAB,69,V,A,1.116
1GUAB,70,V,A,1.77
1GUAB,72,V,A,1.052
1GUAB,72,V,I,0.864
1GUAB,98,V,A,1.981
1H0XA,18,P,A,0.97
1H0XA,62,P,A,1.29
1IOJA,15,G,A,-0.4
1ITMA,91,W,S,-1.4
1IV7B,173,A,C,-0.5
1IV7B,189,F,C,2.5
1IV7B,162,L,C,1.9
1IV9A,76,S,Y,-4.299
1J8IA,25,K,A,-0.1
1J8IA,66,K,A,-0.1
1J8IA,23,R,A,-0.8
1J8IA,35,R,A,0.1
1J8IA,43,R,A,-0.7
1J8IA,9,R,A,0.1
1JL9A,25,A,C,1.44
1JLVA,64,E,D,1.162
1JLVA,64,E,N,2.304
1JLVA,64,E,Q,2.302
1L6HA,39,F,A,1.697
1L6HA,45,Y,A,0.55
1L6HA,48,Y,A,1.482
1LVMA,106,E,G,-1.4
1LVMA,45,K,F,-0.43
1LVMA,56,L,V,-0.0
1LVMA,58,Q,F,-0.6
1LVMA,135,S,G,-0.0
1N88A,21,F,A,1.39
1N88A,39,I,A,1.39
1N88A,80,I,A,2.79
1N88A,89,I,A,2.35
1N88A,8,I,V,1.52
1N88A,13,L,A,1.52
1N88A,57,L,A,1.11
1N88A,12,V,A,1.45
1N88A,30,V,A,2.84
1N88A,43,V,A,2.82
1N88A,49,V,A,2.83
1N88A,51,V,A,3.24
1N88A,54,V,A,3.73
1N88A,81,V,A,2.82
1N88A,83,V,A,3.1
1N88A,18,Y,A,-0.06
1N88A,26,Y,A,4.61
1NM1A,187,D,N,0.88
1NM1A,187,D,Y,1.9
1O6XA,31,A,G,0.85
1O6XA,50,A,G,1.55
1O6XA,38,D,A,-0.18
1O6XA,14,E,A,0.35
1O6XA,20,E,G,1.21
1O6XA,39,F,L,1.99
1O6XA,65,F,A,1.29
1O6XA,51,H,A,0.7
1O6XA,15,I,V,0.47
1O6XA,23,I,V,-0.16
1O6XA,71,I,V,1.41
1O6XA,75,I,A,1.6
1O6XA,41,K,A,2.14
1O6XA,26,L,V,1.14
1O6XA,58,N,A,0.24
1O6XA,60,Q,G,0.45
1O6XA,12,V,A,1.45
1O6XA,52,V,A,1.09
1O6XA,64,V,G,0.8
1O6XA,73,Y,L,2.94
1R2YA,244,R,E,4.2
1XXNA,181,N,R,-0.358
1XXNA,32,N,D,0.86
1XXNA,54,N,E,0.645
1XXNA,22,S,E,-0.239
1XXNA,27,S,E,0.645
2ARFA,1069,H,Q,0.717
2C9QA,79,Y,F,0.012
2C9QA,79,Y,W,1.233
2H3FA,12,E,A,-1.07
2HBBA,22,A,G,0.32
2HBBA,26,A,G,1.79
2HBBA,36,A,G,1.55
2HBBA,39,A,G,1.59
2HBBA,42,A,G,0.33
2HBBA,46,A,G,0.55
2HBBA,49,A,G,0.22
2HBBA,23,D,A,0.03
2HBBA,23,D,N,0.79
2HBBA,8,D,A,1.3
2HBBA,8,D,N,0.38
2HBBA,17,E,A,1.69
2HBBA,17,E,Q,0.33
2HBBA,38,E,A,0.41
2HBBA,38,E,Q,0.68
2HBBA,48,E,Q,-0.07
2HBBA,31,F,A,2.84
2HBBA,5,F,L,1.15
2HBBA,24,G,A,-0.02
2HBBA,34,G,A,1.02
2HBBA,18,I,A,2.05
2HBBA,18,I,V,0.07
2HBBA,37,I,A,1.28
2HBBA,37,I,V,-0.09
2HBBA,4,I,V,0.59
2HBBA,10,K,E,-0.13
2HBBA,10,K,M,-0.47
2HBBA,12,K,A,-0.61
2HBBA,12,K,G,-0.03
2HBBA,12,K,M,-1.8
2HBBA,14,K,A,0.73
2HBBA,14,K,G,1.3
2HBBA,14,K,M,0.34
2HBBA,15,K,G,1.74
2HBBA,15,K,M,0.44
2HBBA,7,K,M,-0.21
2HBBA,30,L,A,2.76
2HBBA,35,L,A,1.21
2HBBA,44,L,A,1.73
2HBBA,47,L,A,0.84
2HBBA,6,L,A,3.1
2HBBA,1,M,A,1.46
2HBBA,40,T,S,0.8
2HBBA,21,V,A,2.33
2HBBA,3,V,A,2.55
2HBBA,9,V,A,1.81
2LTBA,558,L,P,1.57
2LTBA,569,L,R,3.11
2LTBA,619,M,K,3.34
2LTBA,533,R,Q,1.1
2LTBA,555,R,Q,0.36
2LTBA,555,R,W,-1.79
2M5SA,302,D,A,4.0
2M5SA,305,H,A,2.0
2N7ZA,88,P,A,0.6
2NTEA,738,I,V,2.0
2NTEA,658,R,C,2.3
2PTLA,22,A,G,2.43
2PTLA,27,A,P,-0.1
2PTLA,27,A,V,0.83
2PTLA,34,A,G,2.17
2PTLA,34,A,V,-1.47
2PTLA,43,A,G,2.54
2PTLA,47,A,G,3.1
2PTLA,49,A,G,1.32
2PTLA,51,A,G,3.12
2PTLA,66,A,G,0.49
2PTLA,52,D,A,1.21
2PTLA,52,D,G,2.14
2PTLA,64,D,A,0.2
2PTLA,35,E,A,0.59
2PTLA,46,E,G,1.19
2PTLA,46,E,I,1.08
2PTLA,60,E,A,0.23
2PTLA,26,F,A,3.12
2PTLA,26,F,L,0.68
2PTLA,36,F,A,4.15
2PTLA,36,F,L,3.12
2PTLA,40,F,G,3.08
2PTLA,40,F,L,0.38
2PTLA,76,F,L,3.34
2PTLA,76,F,V,3.73
2PTLA,29,G,A,1.52
2PTLA,29,G,V,2.53
2PTLA,38,G,A,2.08
2PTLA,59,G,A,2.23
2PTLA,69,G,A,2.04
2PTLA,20,I,A,4.9
2PTLA,20,I,V,0.56
2PTLA,25,I,A,1.37
2PTLA,25,I,V,0.47
2PTLA,74,I,A,4.72
2PTLA,74,I,V,1.69
2PTLA,21,K,A,0.92
2PTLA,37,K,A,0.88
2PTLA,42,K,G,-0.16
2PTLA,55,K,A,-0.58
2PTLA,56,K,A,-0.35
2PTLA,68,K,A,0.09
2PTLA,75,K,A,0.45
2PTLA,24,L,A,3.12
2PTLA,54,L,A,2.44
2PTLA,72,L,A,3.77
2PTLA,23,N,A,1.87
2PTLA,28,N,A,1.78
2PTLA,58,N,A,0.24
2PTLA,73,N,A,1.73
2PTLA,30,S,A,0.3
2PTLA,45,S,A,-0.41
2PTLA,45,S,G,0.82
2PTLA,19,T,A,1.63
2PTLA,31,T,A,1.17
2PTLA,33,T,A,1.11
2PTLA,39,T,A,1.25
2PTLA,44,T,A,1.09
2PTLA,53,T,G,0.17
2PTLA,62,T,A,0.97
2PTLA,71,T,A,1.83
2PTLA,18,V,A,1.22
2PTLA,63,V,A,0.92
2PTLA,65,V,A,1.14
2PTLA,48,Y,A,2.82
2PTLA,50,Y,A,2.46
2PTLA,70,Y,A,1.66
2PTLA,70,Y,L,-0.43
2WQGA,15,D,A,-0.3
2WQGA,38,D,A,-0.18
2WQGA,39,D,A,2.2
2WQGA,39,D,N,2.6
2WQGA,40,E,Q,0.1
2WQGA,41,E,G,0.4
2WQGA,36,I,A,0.9
2WQGA,36,I,V,0.3
2WQGA,14,K,A,0.4
2WQGA,14,K,G,1.9
2WQGA,19,K,A,0.3
2WQGA,28,K,A,0.6
2WQGA,13,L,A,0.5
2WQGA,16,L,A,1.3
2WQGA,8,L,A,2.0
2WQGA,12,Q,A,0.6
2WQGA,12,Q,G,2.0
2WQGA,33,Q,A,-0.1
2WQGA,34,R,A,0.8
2WQGA,23,S,A,0.6
2WQGA,6,S,A,-0.1
2WQGA,6,S,G,0.2
2WQGA,9,T,S,-0.1
2WQGA,10,V,A,0.1
2WQGA,10,V,G,0.7
2WQGA,11,V,A,-0.4
2WQGA,11,V,G,-0.1
2WQGA,24,V,A,0.5
2WQGA,5,Y,F,2.4
2ZTAA,11,E,Q,0.74
2ZTAA,20,E,Q,-0.2
2ZTAA,22,E,Q,1.83
2ZTAA,15,K,A,0.41
2ZTAA,27,K,A,0.91
2ZTAA,28,K,A,0.06
2ZTAA,8,K,A,0.39
2ZTAA,25,R,A,1.66
3BN0A,20,I,V,1.506
3C2IA,156,D,E,0.88
3C2IA,155,F,S,0.43
3C2IA,100,L,V,1.11
3C2IA,152,P,R,1.46
3C2IA,106,R,Q,0.12
3C2IA,106,R,W,0.04
3C2IA,111,R,G,-0.43
3C2IA,133,R,C,0.37
3C2IA,133,R,H,0.24
3C2IA,134,S,C,1.05
3C2IA,158,T,A,0.47
3C2IA,158,T,M,0.25
3D3BA,118,D,A,0.65
3D3BA,118,D,E,0.6
3D3BA,118,D,K,1.6
3D3BA,118,D,N,1.34
3D3BA,118,D,R,1.41
3DV0I,131,A,G,1.7
3DV0I,139,A,G,2.3
3DV0I,165,A,G,0.9
3DV0I,168,A,G,0.3
3DV0I,145,D,A,2.1
3DV0I,145,D,N,0.9
3DV0I,162,D,N,2.0
3DV0I,164,D,A,2.3
3DV0I,164,D,G,3.7
3DV0I,164,D,N,1.9
3DV0I,141,E,A,0.7
3DV0I,141,E,Q,0.4
3DV0I,146,I,A,2.7
3DV0I,146,I,V,1.2
3DV0I,163,I,V,0.5
3DV0I,159,L,A,2.0
3DV0I,159,L,G,1.9
3DV0I,159,L,V,0.6
3DV0I,167,L,A,1.2
3DV0I,167,L,V,0.2
3DV0I,135,V,A,1.5
3DV0I,144,V,A,2.0
3DV0I,149,V,A,2.8
3DV0I,149,V,G,4.1
3DV0I,158,V,A,3.2
3DV0I,138,Y,F,2.0
3L15B,442,Y,H,3.23
3MONB,39,R,G,-1.194
3MONB,3,W,C,2.866
3S4MA,122,D,Y,1.3
3S4MA,130,G,V,2.5
3S4MA,154,I,F,-0.096
3S4MA,155,W,R,0.693
4BUQA,137,Y,A,-0.89
4BUQA,48,Y,A,1.435
4HE7A,19,A,D,0.24
4HE7A,19,A,G,-0.06
4HE7A,19,A,K,0.46
5JXBA,329,D,G,1.44
5JXBA,329,D,P,1.44
5OAQA,429,Y,H,2.99
