pdb_id,PDB_Mut,mutant,TEMP,pH,ddg,wild_type,position
1A0FA,S11A,A,329.83,6.5,-1.8,S,11
1A7VA,A104H,H,298.15,6.5,-2.69,A,104
1A7VA,A66H,H,298.15,6.5,-1.98,A,66
1A7VA,A91H,H,298.15,6.5,-1.7,A,91
1A7VA,D3H,H,298.15,6.5,-1.36,D,3
1A7VA,D58H,H,298.15,6.5,-2.05,D,58
1A7VA,E73H,H,298.15,6.5,-3.01,E,73
1A7VA,K13H,H,298.15,6.5,-0.6,K,13
1A7VA,K20H,H,298.15,6.5,-2.88,K,20
1A7VA,K31H,H,298.15,6.5,-1.36,K,31
1A7VA,K39H,H,298.15,6.5,-1.86,K,39
1A7VA,K49H,H,298.15,6.5,-2.02,K,49
1A7VA,K84H,H,298.15,6.5,-2.88,K,84
1A7VA,K97H,H,298.15,6.5,-1.97,K,97
1BA3A,H461D,D,298.15,7.8,-1.745,H,461
1BA3A,H489D,D,298.15,7.8,0.287,H,489
1BA3A,H489K,K,298.15,7.8,-0.287,H,489
1BA3A,H489M,M,298.15,7.8,-0.263,H,489
1BFMA,M35W,W,298.15,7.2,-0.7,M,35
1BFMA,M35Y,Y,298.15,7.2,-0.4,M,35
1BNLA,D76A,A,293.15,7.4,-0.821,D,76
1D5GA,H71Y,Y,298.15,6.8,-0.04,H,71
1D5GA,I20F,F,298.15,6.8,0.91,I,20
1DIVA,D23A,A,298.15,5.4,-0.46,D,23
1DIVA,D23N,N,298.15,5.45,-0.58,D,23
1DIVA,D8N,N,298.15,5.45,-0.3,D,8
1DIVA,E100A,A,298.15,8,-0.98,E,100
1DIVA,E100G,G,298.15,8,-1.52,E,100
1DIVA,E17Q,Q,298.15,5.45,-0.21,E,17
1DIVA,E38Q,Q,298.15,5.45,-0.56,E,38
1DIVA,E48Q,Q,298.15,5.45,0.03,E,48
1DIVA,E54Q,Q,298.15,5.45,0.33,E,54
1DIVA,H106Q,Q,298.15,8,-1.53,H,106
1DIVA,H134Q,Q,298.15,5.45,-0.34,H,134
1DIVA,H144Q,Q,298.15,5.45,-0.56,H,144
1DIVA,I115A,A,298.15,8,-3.52,I,115
1DIVA,I121A,A,298.15,8,-2.88,I,121
1DIVA,I4A,A,298.15,5.5,-2.22,I,4
1DIVA,I4V,V,298.15,5.5,-0.59,I,4
1DIVA,I79A,A,298.15,8,-3.49,I,79
1DIVA,I93A,A,298.15,8,-3.19,I,93
1DIVA,I98A,A,298.15,8,-4.28,I,98
1DIVA,K10M,M,298.15,5.45,0.05,K,10
1DIVA,K14M,M,298.15,5.45,0.01,K,14
1DIVA,K15M,M,298.15,5.45,-0.31,K,15
1DIVA,K7M,M,298.15,5.45,0.35,K,7
1DIVA,K96A,A,298.15,8,0.61,K,96
1DIVA,K96G,G,298.15,8,-0.2,K,96
1DIVA,L102A,A,298.15,8,-2.37,L,102
1DIVA,L108A,A,298.15,8,-2.33,L,108
1DIVA,L110A,A,298.15,8,-3.21,L,110
1DIVA,L117A,A,298.15,8,-0.82,L,117
1DIVA,L133A,A,298.15,8,-2.94,L,133
1DIVA,L141A,A,298.15,8,-3.56,L,141
1DIVA,L30A,A,298.15,5.5,-2.76,L,30
1DIVA,L30V,V,298.15,5.5,-3.62,L,30
1DIVA,L6A,A,298.15,5.5,-3.1,L,6
1DIVA,L6I,I,298.15,5.5,-0.13,L,6
1DIVA,L6V,V,298.15,5.5,-0.41,L,6
1DIVA,L72A,A,298.15,8,-3.77,L,72
1DIVA,M1A,A,298.15,5.5,-1.46,M,1
1DIVA,M1G,G,298.15,5.5,-2.36,M,1
1DIVA,V129A,A,298.15,8,-1.81,V,129
1DIVA,V131A,A,298.15,8,-1.93,V,131
1DIVA,V137A,A,298.15,8,-2.41,V,137
1DIVA,V143A,A,298.15,8,-3.25,V,143
1DIVA,V145A,A,298.15,8,-1.92,V,145
1DIVA,V21A,A,298.15,5.5,-2.33,V,21
1DIVA,V21I,I,298.15,5.5,-0.4,V,21
1DIVA,V21L,L,298.15,5.5,-1.23,V,21
1DIVA,V3A,A,298.15,5.5,-2.55,V,3
1DIVA,V3I,I,298.15,5.5,-0.31,V,3
1DIVA,V3L,L,298.15,5.5,-2.21,V,3
1DXXA,K18N,N,298.15,7,-3.7,K,18
1EKGA,L198C,C,298.15,7,-1,L,198
1EKGA,L200C,C,298.15,7,-2,L,200
1EKGA,L203C,C,298.15,7,1,L,203
1EKGA,S181F,F,293.15,8,-2.6,S,181
1F8IA,F345A,A,298.15,8,-0.455,F,345
1FH5H,S18N,N,298.15,7,0.6,S,18
1FRDA,H42R,R,298.15,7.5,4,H,42
1FT8A,I264V,V,298.15,7,-0.64,I,264
1FT8A,L212V,V,298.15,7,-1.38,L,212
1FT8A,L238I,I,298.15,7,-0.35,L,238
1FT8A,L267I,I,298.15,7,-0.11,L,267
1FT8A,L293I,I,298.15,7,-0.8,L,293
1FT8A,L293V,V,298.15,7,-1.41,L,293
1FT8A,L315A,A,298.15,7,-1.65,L,315
1FT8A,L317I,I,298.15,7,-0.85,L,317
1FT8A,L348I,I,298.15,7,-0.53,L,348
1FT8A,L349I,I,298.15,7,0.05,L,349
1FT8A,M216L,L,298.15,7,0.27,M,216
1FT8A,S339A,A,298.15,7,0.32,S,339
1FT8A,V287A,A,298.15,7,-0.16,V,287
1FXAA,E94D,D,298.15,7.5,-1.1,E,94
1FXAA,E94K,K,298.15,7.5,-0.4,E,94
1FXAA,E94Q,Q,298.15,7.5,0.6,E,94
1FXAA,E95K,K,298.15,7.5,1,E,95
1FXAA,F65A,A,298.15,7.5,-1,F,65
1FXAA,F65I,I,298.15,7.5,-0.9,F,65
1FXAA,F65W,W,298.15,7.5,-0.6,F,65
1FXAA,F65Y,Y,298.15,7.5,-0.5,F,65
1FXAA,R42A,A,298.15,7.5,-2.4,R,42
1FXAA,R42H,H,298.15,7.5,-1.4,R,42
1FXAA,T48A,A,298.15,7.5,0.1,T,48
1G3PA,A147K,K,313.15,7,-0.287,A,147
1G3PA,D160A,A,288.15,7,-0.263,D,160
1G3PA,D160C,C,288.15,7,-0.096,D,160
1G3PA,D160E,E,288.15,7,-0.359,D,160
1G3PA,D160F,F,288.15,7,-0.359,D,160
1G3PA,D160G,G,288.15,7,-0.669,D,160
1G3PA,D160H,H,288.15,7,0.048,D,160
1G3PA,D160I,I,288.15,7,-0.932,D,160
1G3PA,D160K,K,288.15,7,-0.335,D,160
1G3PA,D160L,L,288.15,7,-0.55,D,160
1G3PA,D160M,M,288.15,7,-0.502,D,160
1G3PA,D160N,N,288.15,7,0.072,D,160
1G3PA,D160P,P,288.15,7,-0.645,D,160
1G3PA,D160Q,Q,288.15,7,-0.478,D,160
1G3PA,D160R,R,288.15,7,-0.669,D,160
1G3PA,D160S,S,288.15,7,-0.287,D,160
1G3PA,D160T,T,288.15,7,-0.741,D,160
1G3PA,D160V,V,288.15,7,-1.123,D,160
1G3PA,D160W,W,288.15,7,-0.167,D,160
1G3PA,D160Y,Y,288.15,7,-0.072,D,160
1G3PA,F136V,V,313.15,7,-3.705,F,136
1G3PA,N138G,G,313.15,7,0.765,N,138
1G3PA,N139K,K,313.15,7,-0.43,N,139
1G3PA,N139V,V,313.15,7,-2.032,N,139
1G3PA,Q137N,N,313.15,7,-1.793,Q,137
1G3PA,Q145N,N,313.15,7,0.263,Q,145
1G3PA,R144V,V,313.15,7,0.765,R,144
1GLUA,C500A,A,298.15,6.5,-1.22,C,500
1GUAB,A118G,G,298.15,7,-1.963,A,118
1GUAB,A118L,L,298.15,7,-1.951,A,118
1GUAB,A85G,G,298.15,7,-2.149,A,85
1GUAB,A97G,G,298.15,7,-0.863,A,97
1GUAB,C81A,A,298.15,7,0.283,C,81
1GUAB,C81I,I,298.15,7,-0.912,C,81
1GUAB,C95A,A,298.15,7,-0.08,C,95
1GUAB,C96A,A,298.15,7,-1.759,C,96
1GUAB,C96L,L,298.15,7,-0.043,C,96
1GUAB,C96M,M,298.15,7,-0.337,C,96
1GUAB,D117A,A,298.15,7,-0.706,D,117
1GUAB,D129A,A,298.15,7,-0.855,D,129
1GUAB,D80A,A,298.15,7,-0.493,D,80
1GUAB,E104A,A,298.15,7,0.021,E,104
1GUAB,E124A,A,298.15,7,-0.101,E,124
1GUAB,E125A,A,298.15,7,-0.591,E,125
1GUAB,I58A,A,298.15,7,-3.274,I,58
1GUAB,I58F,F,298.15,7,-1.299,I,58
1GUAB,I58L,L,298.15,7,-0.771,I,58
1GUAB,K109A,A,298.15,7,-0.327,K,109
1GUAB,L112A,A,298.15,7,-2.593,L,112
1GUAB,L121A,A,298.15,7,-2.534,L,121
1GUAB,L126A,A,298.15,7,-3.405,L,126
1GUAB,L62A,A,298.15,7,-3.46,L,62
1GUAB,L78A,A,298.15,7,-3.803,L,78
1GUAB,L82A,A,298.15,7,-3.529,L,82
1GUAB,L82I,I,281.15,7.5,-1.6,L,82
1GUAB,L82V,V,281.15,7.5,-1.7,L,82
1GUAB,L86A,A,298.15,7,-3.226,L,86
1GUAB,L91A,A,298.15,7,-1.575,L,91
1GUAB,M76A,A,298.15,7,-0.961,M,76
1GUAB,N56M,M,298.15,7,0.271,N,56
1GUAB,N64A,A,298.15,7,-1.14,N,64
1GUAB,P63A,A,298.15,7,-1.708,P,63
1GUAB,P93A,A,298.15,7,-0.082,P,93
1GUAB,Q66A,A,298.15,7,-0.504,Q,66
1GUAB,R100A,A,298.15,7,-0.693,R,100
1GUAB,R59A,A,298.15,7,0.178,R,59
1GUAB,R89L,L,298.15,7,1.078,R,89
1GUAB,S77A,A,298.15,7,-1.573,S,77
1GUAB,S77T,T,298.15,7,0.581,S,77
1GUAB,T68A,A,298.15,7,-0.109,T,68
1GUAB,V128A,A,298.15,7,-3.368,V,128
1GUAB,V60A,A,298.15,7,-2.251,V,60
1GUAB,V69A,A,298.15,7,-1.116,V,69
1GUAB,V70A,A,298.15,7,-1.77,V,70
1GUAB,V72A,A,298.15,7,-1.052,V,72
1GUAB,V72I,I,298.15,7,-0.864,V,72
1GUAB,V98A,A,298.15,7,-1.981,V,98
1GWYA,A8D,D,,7.4,-1.6,A,8
1H0XA,P18A,A,298.15,7,-1.936,P,18
1H0XA,P62A,A,298.15,7,-2.581,P,62
1HCQA,C67A,A,298.15,6.5,-2.09,C,67
1HCQA,C67S,S,298.15,6.5,-1.99,C,67
1IOJA,G15A,A,323.15,7.6,0.4,G,15
1IR3A,W1175F,F,297.15,7,0.6,W,1175
1ITMA,C24T,T,298.15,6,-3.3,C,24
1ITMA,C3T,T,298.15,6,-5,C,3
1ITMA,W91S,S,298.15,7,1.4,W,91
1IV7B,A173C,C,298.15,8,0.5,A,173
1IV7B,F189C,C,298.15,8,-2.5,F,189
1IV7B,L162C,C,298.15,8,-1.9,L,162
1IV9A,S76Y,Y,298.15,5.5,4.299,S,76
1J8IA,K25A,A,298.15,6,0.1,K,25
1J8IA,K66A,A,298.15,6,0.1,K,66
1J8IA,R23A,A,298.15,6,0.8,R,23
1J8IA,R35A,A,298.15,6,-0.1,R,35
1J8IA,R43A,A,298.15,6,0.7,R,43
1J8IA,R9A,A,298.15,6,-0.1,R,9
1JL9A,A25C,C,295.15,8.4,-1.44,A,25
1JLVA,E64D,D,315.15,6.5,-1.162,E,64
1JLVA,E64N,N,315.15,6.5,-2.304,E,64
1JLVA,E64Q,Q,315.15,6.5,-2.302,E,64
1L6HA,F39A,A,298.15,7,-1.697,F,39
1L6HA,Y45A,A,298.15,7,-0.55,Y,45
1L6HA,Y48A,A,298.15,7,-1.482,Y,48
1LVMA,E106G,G,298.15,8,1.4,E,106
1LVMA,K45F,F,298.15,8,0.43,K,45
1LVMA,L56V,V,298.15,8,0,L,56
1LVMA,Q58F,F,298.15,8,0.6,Q,58
1LVMA,S135G,G,298.15,8,0,S,135
1N18A,E100G,G,298.15,7.8,-2.5,E,100
1N18A,G85R,R,298.15,7.8,-1.4,G,85
1N18A,H46R,R,298.15,7.8,1.4,H,46
1N18A,V148I,I,298.15,7.8,0.1,V,148
1N88A,F21A,A,298.15,6.3,-1.39,F,21
1N88A,I39A,A,298.15,6.3,-1.39,I,39
1N88A,I80A,A,298.15,6.3,-2.79,I,80
1N88A,I89A,A,298.15,6.3,-2.35,I,89
1N88A,I8V,V,298.15,6.3,-1.52,I,8
1N88A,L13A,A,298.15,6.3,-1.52,L,13
1N88A,L57A,A,298.15,6.3,-1.11,L,57
1N88A,V12A,A,298.15,6.3,-1.94,V,12
1N88A,V30A,A,298.15,6.3,-2.84,V,30
1N88A,V43A,A,298.15,6.3,-2.82,V,43
1N88A,V49A,A,298.15,6.3,-2.83,V,49
1N88A,V51A,A,298.15,6.3,-3.24,V,51
1N88A,V54A,A,298.15,6.3,-3.73,V,54
1N88A,V81A,A,298.15,6.3,-2.82,V,81
1N88A,V83A,A,298.15,6.3,-3.1,V,83
1N88A,Y18A,A,298.15,6.3,0.06,Y,18
1N88A,Y26A,A,298.15,6.3,-4.61,Y,26
1NM1A,D187N,N,298.15,7.2,-0.88,D,187
1NM1A,D187Y,Y,288.15,7.2,-1.9,D,187
1O1UA,E110A,A,298.15,7.2,-3.3,E,110
1O1UA,N61A,A,298.15,7.2,-1.2,N,61
1O1UA,Q51A,A,298.15,7.2,-0.3,Q,51
1O1UA,Q99A,A,298.15,7.2,0.3,Q,99
1O1UA,T38A,A,298.15,7.2,-1.2,T,38
1O1UA,W49Y,Y,298.15,7.2,-1.2,W,49
1O6XA,A31G,G,298.15,7,-1.2,A,31
1O6XA,A50G,G,298.15,7,-1.4,A,50
1O6XA,D38A,A,298.15,7,0.36,D,38
1O6XA,E14A,A,298.15,7,-0.3,E,14
1O6XA,E20G,G,298.15,7,-1.42,E,20
1O6XA,F39L,L,298.15,7,-1.88,F,39
1O6XA,F65A,A,298.15,7,-0.98,F,65
1O6XA,H51A,A,298.15,7,-0.61,H,51
1O6XA,I15V,V,298.15,7,-0.43,I,15
1O6XA,I23V,V,298.15,7,0.42,I,23
1O6XA,I71V,V,298.15,7,-1.31,I,71
1O6XA,I75A,A,298.15,7,-1.31,I,75
1O6XA,K41A,A,298.15,7,-1.98,K,41
1O6XA,L26V,V,298.15,7,-0.97,L,26
1O6XA,N58A,A,298.15,7,-0.08,N,58
1O6XA,Q60G,G,298.15,7,-0.49,Q,60
1O6XA,V12A,A,298.15,7,-1.1,V,12
1O6XA,V52A,A,298.15,7,-1.08,V,52
1O6XA,V64G,G,298.15,7,-1.1,V,64
1O6XA,Y73L,L,298.15,7,-2.78,Y,73
1OSIA,I11V,V,313.15,7,-0.05,I,11
1OSIA,S92F,F,313.15,7,0.39,S,92
1OSIA,V126M,M,313.15,7,-2.25,V,126
1OSIA,V15I,I,313.15,7,-0.78,V,15
1PFLA,A20T,T,298.15,7.4,-1.53,A,20
1PFLA,G117V,V,298.15,7.4,-1.96,G,117
1PFLA,M113T,T,298.15,7,-3.53,M,113
1PFLA,Q138L,L,298.15,7.4,1.82,Q,138
1PFLA,T108M,M,298.15,7.4,0.07,T,108
1PREA,C159S,S,298.15,7.4,-2.4,C,159
1PRGA,E460K,K,283.15,8,-0.17,E,460
1PRGA,F360L,L,283.15,8,-0.4,F,360
1PRGA,P467L,L,283.15,8,0.11,P,467
1PRGA,Q286P,P,283.15,8,-0.3,Q,286
1PRGA,R288H,H,283.15,8,0.06,R,288
1PRGA,R357A,A,283.15,8,0.19,R,357
1PRGA,V290M,M,283.15,8,0.03,V,290
1R2YA,R244E,E,310.15,6.8,-4.2,R,244
1R6RA,I88N,N,298.15,6,-0.13,I,88
1R6RA,L50S,S,298.15,6,-2.81,L,50
1R6RA,L54S,S,298.15,6,-0.24,L,54
1R6RA,L81N,N,298.15,6,-6.84,L,81
1SPDA,C111S,S,348.05,7.8,0.8,C,111
1SPDA,C6A,A,348.05,7.8,0.1,C,6
1X0JA,D160N,N,283.15,7.5,-4.1,D,160
1X0JA,D160Y,Y,283.15,7.5,-4.02,D,160
1X0JA,D161N,N,283.15,7.5,-2.21,D,161
1X0JA,D161Y,Y,283.15,7.5,-3.38,D,161
1X0JA,E140K,K,283.15,7.5,-3.48,E,140
1X0JA,R100L,L,283.15,7.5,-5.22,R,100
1X0JA,Y153H,H,283.15,7.5,-6.49,Y,153
1XWSA,E124Q,Q,283.15,7.5,-2.9,E,124
1XWSA,E135K,K,283.15,7.5,-4.59,E,135
1XWSA,E142D,D,283.15,7.5,-3.22,E,142
1XWSA,Y53H,H,283.15,7.5,-3.3,Y,53
1XXNA,N181R,R,328.15,6.5,0.358,N,181
1XXNA,N32D,D,328.15,6.5,-0.86,N,32
1XXNA,N54E,E,328.15,6.5,-0.645,N,54
1XXNA,S22E,E,328.15,6.5,0.239,S,22
1XXNA,S27E,E,328.15,6.5,-0.645,S,27
1XZOA,F42W,W,298.15,7,2.87,F,42
1XZOA,W101F,F,298.15,7,-2.89,W,101
1XZOA,W36A,A,298.15,7,-8.93,W,36
1XZOA,W36F,F,298.15,7,-4.25,W,36
2ARFA,H1069Q,Q,293.15,7,-0.717,H,1069
2BJDA,V84D,D,298.15,5.5,-4.493,V,84
2BJDA,V84P,P,298.15,5.5,-4.517,V,84
2BJDA,Y86E,E,298.15,5.5,-2.103,Y,86
2C9QA,Y79F,F,308.15,7.4,-0.012,Y,79
2C9QA,Y79W,W,308.15,7.4,-1.233,Y,79
2CLRB,H13F,F,298.15,7.4,0.12,H,13
2CLRB,H31F,F,298.15,7.4,2.605,H,31
2CLRB,H51F,F,298.15,7.4,-1.912,H,51
2CLRB,H84A,A,298.15,7.4,-2.629,H,84
2DVVA,Q443H,H,283.15,7.5,0.89,Q,443
2DVVA,R419W,W,283.15,7.5,-0.02,R,419
2H3FA,E12A,A,298.15,7,1.07,E,12
2HBBA,A22G,G,298.15,5.5,-0.32,A,22
2HBBA,A26G,G,298.15,5.5,-1.79,A,26
2HBBA,A36G,G,298.15,5.5,-1.55,A,36
2HBBA,A39G,G,298.15,5.5,-1.59,A,39
2HBBA,A42G,G,298.15,5.5,-0.33,A,42
2HBBA,A46G,G,298.15,5.5,-0.55,A,46
2HBBA,A49G,G,298.15,5.5,-0.22,A,49
2HBBA,D23A,A,298.15,5.5,-0.03,D,23
2HBBA,D23N,N,298.15,5.5,-0.79,D,23
2HBBA,D8A,A,298.15,5.5,-1.3,D,8
2HBBA,D8N,N,298.15,5.5,-0.38,D,8
2HBBA,E17A,A,298.15,5.5,-1.69,E,17
2HBBA,E17Q,Q,298.15,5.5,-0.33,E,17
2HBBA,E38A,A,298.15,5.5,-0.41,E,38
2HBBA,E38Q,Q,298.15,5.5,-0.68,E,38
2HBBA,E48Q,Q,298.15,5.5,0.07,E,48
2HBBA,F31A,A,298.15,5.5,-2.84,F,31
2HBBA,F5L,L,298.15,5.5,-1.15,F,5
2HBBA,G24A,A,298.15,5.5,0.02,G,24
2HBBA,G34A,A,298.15,5.5,-1.02,G,34
2HBBA,I18A,A,298.15,5.5,-2.05,I,18
2HBBA,I18V,V,298.15,5.5,-0.07,I,18
2HBBA,I37A,A,298.15,5.5,-1.28,I,37
2HBBA,I37V,V,298.15,5.5,0.09,I,37
2HBBA,I4V,V,298.15,5.5,-0.59,I,4
2HBBA,K10E,E,298.15,5.5,0.13,K,10
2HBBA,K10M,M,298.15,5.5,0.47,K,10
2HBBA,K12A,A,298.15,5.5,0.61,K,12
2HBBA,K12G,G,298.15,5.5,0.03,K,12
2HBBA,K12M,M,298.15,5.5,1.8,K,12
2HBBA,K14A,A,298.15,5.5,-0.73,K,14
2HBBA,K14G,G,298.15,5.5,-1.3,K,14
2HBBA,K14M,M,298.15,5.5,-0.34,K,14
2HBBA,K15G,G,298.15,5.5,-1.74,K,15
2HBBA,K15M,M,298.15,5.5,-0.44,K,15
2HBBA,K7M,M,298.15,5.5,0.21,K,7
2HBBA,L30A,A,298.15,5.5,-2.76,L,30
2HBBA,L35A,A,298.15,5.5,-1.21,L,35
2HBBA,L44A,A,298.15,5.5,-1.73,L,44
2HBBA,L47A,A,298.15,5.5,-0.84,L,47
2HBBA,L6A,A,298.15,5.5,-3.1,L,6
2HBBA,M1A,A,298.15,5.5,-1.46,M,1
2HBBA,T40S,S,298.15,5.5,-0.8,T,40
2HBBA,V21A,A,298.15,5.5,-2.33,V,21
2HBBA,V3A,A,298.15,5.5,-2.55,V,3
2HBBA,V9A,A,298.15,5.5,-1.81,V,9
2JIEA,C170A,A,298.15,7.5,2.997,C,170
2JIEA,C170Q,Q,298.15,7.5,2.581,C,170
2JIEA,E157D,D,298.15,7.5,-2.075,E,157
2JIEA,E167A,A,298.15,7.5,4.247,E,167
2JIEA,E225A,A,298.15,7.5,-4.36,E,225
2JIEA,E225H,H,298.15,7.5,-1.515,E,225
2JIEA,E409A,A,298.15,7.5,0.825,E,409
2JIEA,E409D,D,298.15,7.5,-0.909,E,409
2JIEA,E426S,S,298.15,7.5,0.87,E,426
2JIEA,F418A,A,298.15,7.5,-0.165,F,418
2JIEA,H104R,R,298.15,7.5,1.536,H,104
2JIEA,I247E,E,298.15,7.5,1.241,I,247
2JIEA,I247N,N,298.15,7.5,0.974,I,247
2JIEA,L174A,A,298.15,7.5,-0.79,L,174
2JIEA,L174R,R,298.15,7.5,0.336,L,174
2JIEA,M224A,A,298.15,7.5,-4.098,M,224
2JIEA,M326A,A,298.15,7.5,-1.298,M,326
2JIEA,N166A,A,298.15,7.5,-3.397,N,166
2JIEA,N166C,C,298.15,7.5,-2.964,N,166
2JIEA,N223A,A,298.15,7.5,-0.671,N,223
2JIEA,N223G,G,298.15,7.5,3.462,N,223
2JIEA,N223H,H,298.15,7.5,2.583,N,223
2JIEA,N223R,R,298.15,7.5,3.976,N,223
2JIEA,N223Y,Y,298.15,7.5,5.73,N,223
2JIEA,N296A,A,298.15,7.5,-2.25,N,296
2JIEA,N296C,C,298.15,7.5,-0.017,N,296
2JIEA,N407A,A,298.15,7.5,0.464,N,407
2JIEA,N407C,C,298.15,7.5,0.143,N,407
2JIEA,Q22S,S,298.15,7.5,-0.209,Q,22
2JIEA,R243A,A,298.15,7.5,-0.166,R,243
2JIEA,R243D,D,298.15,7.5,0.213,R,243
2JIEA,R243K,K,298.15,7.5,-1.463,R,243
2JIEA,S17A,A,298.15,7.5,-1.246,S,17
2JIEA,S19A,A,298.15,7.5,0.951,S,19
2JIEA,S334A,A,298.15,7.5,-1.454,S,334
2JIEA,S403A,A,298.15,7.5,0.92,S,403
2JIEA,T18A,A,298.15,7.5,-0.994,T,18
2JIEA,T221A,A,298.15,7.5,3.189,T,221
2JIEA,T355A,A,298.15,7.5,-2.961,T,355
2JIEA,W123F,F,298.15,7.5,2.19,W,123
2JIEA,W123H,H,298.15,7.5,1.06,W,123
2JIEA,W328A,A,298.15,7.5,-1.159,W,328
2JIEA,W328C,C,298.15,7.5,-2.664,W,328
2JIEA,W328H,H,298.15,7.5,-2.573,W,328
2JIEA,W328R,R,298.15,7.5,-0.95,W,328
2JIEA,W402C,C,298.15,7.5,-0.36,W,402
2JIEA,W402R,R,298.15,7.5,2.615,W,402
2JIEA,W412Y,Y,298.15,7.5,0.599,W,412
2JIEA,Y21A,A,298.15,7.5,-3.443,Y,21
2JIEA,Y297A,A,298.15,7.5,1.072,Y,297
2JIEA,Y297F,F,298.15,7.5,-1.853,Y,297
2JUCA,C57D,D,298.15,5.7,-2.54,C,57
2JUCA,C57S,S,298.15,5.7,-0.71,C,57
2JUCA,R18A,A,298.15,5.7,-1.75,R,18
2KJ3A,D288A,A,298.15,7,1.2,D,288
2KJ3A,E272A,A,298.15,7,1.9,E,272
2KJ3A,G278A,A,298.15,7,-0.8,G,278
2KJ3A,K229A,A,298.15,7,1.5,K,229
2KJ3A,L241A,A,298.15,7,1,L,241
2KJ3A,S273A,A,298.15,7,1.4,S,273
2KJ3A,V239A,A,298.15,7,1,V,239
2KJ3A,V264A,A,298.15,7,1,V,264
2KJ3A,V267A,A,298.15,7,0.2,V,267
2KS4A,D9A,A,,7.4,1.26,D,9
2KS4A,E2A,A,,7.4,-0.23,E,2
2LTBA,L558P,P,298.15,7.4,-1.57,L,558
2LTBA,L569R,R,298.15,7.4,-3.11,L,569
2LTBA,M619K,K,298.15,7.4,-3.34,M,619
2LTBA,R533Q,Q,298.15,7.4,-1.1,R,533
2LTBA,R555Q,Q,298.15,7.4,-0.36,R,555
2LTBA,R555W,W,298.15,7.4,1.79,R,555
2M5SA,D302A,A,293.15,7.6,-4,D,302
2M5SA,H305A,A,293.15,7.6,-2,H,305
2MPCA,A89T,T,298.15,7.5,-0.24,A,89
2MPCA,R42A,A,298.15,7.5,0.62,R,42
2MPCA,R42W,W,298.15,7.5,2.08,R,42
2N7ZA,P88A,A,298.15,8,-0.6,P,88
2NTEA,I738V,V,283.15,7.5,-2,I,738
2NTEA,R658C,C,283.15,7.5,-2.3,R,658
2OUOA,A420D,D,283.15,7.5,0.44,A,420
2PR5A,A33Y,Y,298.15,7.9,0.5,A,33
2PR5A,A81M,M,298.15,7.9,-0.4,A,81
2PR5A,D109E,E,298.15,7.9,0.3,D,109
2PR5A,H22K,K,298.15,7.9,0.3,H,22
2PR5A,H22W,W,298.15,7.9,1.2,H,22
2PR5A,M111F,F,298.15,7.9,2.9,M,111
2PR5A,N107F,F,298.15,7.9,0.9,N,107
2PR5A,N107Y,Y,298.15,7.9,0.8,N,107
2PR5A,N124F,F,298.15,7.9,1.1,N,124
2PR5A,N124Y,Y,298.15,7.9,2.6,N,124
2PR5A,T30M,M,298.15,7.9,0.5,T,30
2PR5A,T50M,M,298.15,7.9,-0.5,T,50
2PR5A,T54Y,Y,298.15,7.9,0.2,T,54
2PR5A,V120I,I,298.15,7.9,1.4,V,120
2PR5A,V25I,I,298.15,7.9,0.4,V,25
2PR5A,V88L,L,298.15,7.9,-0.2,V,88
2PR5A,V90I,I,298.15,7.9,-0.7,V,90
2PTLA,A22G,G,295.15,7,-2.43,A,22
2PTLA,A27P,P,295.15,7,0.1,A,27
2PTLA,A27V,V,295.15,7,-0.83,A,27
2PTLA,A34G,G,295.15,7,-2.17,A,34
2PTLA,A34V,V,295.15,7,1.47,A,34
2PTLA,A43G,G,295.15,7,-2.54,A,43
2PTLA,A47G,G,295.15,7,-3.1,A,47
2PTLA,A49G,G,295.15,7,-1.32,A,49
2PTLA,A51G,G,295.15,7,-3.12,A,51
2PTLA,A66G,G,295.15,7,-0.49,A,66
2PTLA,D52A,A,295.15,7,-1.21,D,52
2PTLA,D52G,G,295.15,7,-2.14,D,52
2PTLA,D64A,A,295.15,7,-0.2,D,64
2PTLA,E35A,A,295.15,7,-0.59,E,35
2PTLA,E46G,G,295.15,7,-1.19,E,46
2PTLA,E46I,I,295.15,7,-1.08,E,46
2PTLA,E60A,A,295.15,7,-0.23,E,60
2PTLA,F26A,A,295.15,7,-3.12,F,26
2PTLA,F26L,L,295.15,7,-0.68,F,26
2PTLA,F36A,A,295.15,7,-4.15,F,36
2PTLA,F36L,L,295.15,7,-3.12,F,36
2PTLA,F40G,G,295.15,7,-3.08,F,40
2PTLA,F40L,L,295.15,7,-0.38,F,40
2PTLA,F76L,L,295.15,7,-3.34,F,76
2PTLA,F76V,V,295.15,7,-3.73,F,76
2PTLA,G29A,A,295.15,7,-1.52,G,29
2PTLA,G29V,V,295.15,7,-2.53,G,29
2PTLA,G38A,A,295.15,7,-2.08,G,38
2PTLA,G59A,A,295.15,7,-2.23,G,59
2PTLA,G69A,A,295.15,7,-2.04,G,69
2PTLA,I20A,A,295.15,7,-4.9,I,20
2PTLA,I20V,V,295.15,7,-0.56,I,20
2PTLA,I25A,A,295.15,7,-1.37,I,25
2PTLA,I25V,V,295.15,7,-0.47,I,25
2PTLA,I74A,A,295.15,7,-4.72,I,74
2PTLA,I74V,V,295.15,7,-1.69,I,74
2PTLA,K21A,A,295.15,7,-0.92,K,21
2PTLA,K37A,A,295.15,7,-0.88,K,37
2PTLA,K42G,G,295.15,7,0.16,K,42
2PTLA,K55A,A,295.15,7,0.58,K,55
2PTLA,K56A,A,295.15,7,0.35,K,56
2PTLA,K68A,A,295.15,7,-0.09,K,68
2PTLA,K75A,A,295.15,7,-0.45,K,75
2PTLA,L24A,A,295.15,7,-3.12,L,24
2PTLA,L54A,A,295.15,7,-2.44,L,54
2PTLA,L72A,A,295.15,7,-3.77,L,72
2PTLA,N23A,A,295.15,7,-1.87,N,23
2PTLA,N28A,A,295.15,7,-1.78,N,28
2PTLA,N58A,A,295.15,7,-0.34,N,58
2PTLA,N73A,A,295.15,7,-1.73,N,73
2PTLA,S30A,A,295.15,7,-0.3,S,30
2PTLA,S45A,A,295.15,7,0.41,S,45
2PTLA,S45G,G,295.15,7,-0.82,S,45
2PTLA,T19A,A,295.15,7,-1.63,T,19
2PTLA,T31A,A,295.15,7,-1.17,T,31
2PTLA,T33A,A,295.15,7,-1.11,T,33
2PTLA,T39A,A,295.15,7,-1.25,T,39
2PTLA,T44A,A,295.15,7,-1.09,T,44
2PTLA,T53G,G,295.15,7,-0.17,T,53
2PTLA,T62A,A,295.15,7,-0.97,T,62
2PTLA,T71A,A,295.15,7,-1.83,T,71
2PTLA,V18A,A,295.15,7,-1.22,V,18
2PTLA,V63A,A,295.15,7,-0.92,V,63
2PTLA,V65A,A,295.15,7,-1.14,V,65
2PTLA,Y48A,A,295.15,7,-2.82,Y,48
2PTLA,Y50A,A,295.15,7,-2.46,Y,50
2PTLA,Y70A,A,295.15,7,-1.66,Y,70
2PTLA,Y70L,L,295.15,7,0.43,Y,70
2RPNA,E7L,L,303.15,8,1.05,E,7
2RPNA,V21K,K,303.15,8,0.39,V,21
2VY0A,D287A,A,293.15,7,-5.975,D,287
2VY0A,E53A,A,293.15,7,-6.597,E,53
2WQGA,D15A,A,322.15,6,0.3,D,15
2WQGA,D38A,A,322.15,6,0.1,D,38
2WQGA,D39A,A,322.15,6,-2.2,D,39
2WQGA,D39N,N,322.15,6,-2.6,D,39
2WQGA,E40Q,Q,322.15,6,-0.1,E,40
2WQGA,E41G,G,322.15,6,-0.4,E,41
2WQGA,I36A,A,322.15,6,-0.9,I,36
2WQGA,I36V,V,322.15,6,-0.3,I,36
2WQGA,K14A,A,322.15,6,-0.4,K,14
2WQGA,K14G,G,322.15,6,-1.9,K,14
2WQGA,K19A,A,322.15,6,-0.3,K,19
2WQGA,K28A,A,322.15,6,-0.6,K,28
2WQGA,L13A,A,322.15,6,-0.5,L,13
2WQGA,L16A,A,322.15,6,-1.3,L,16
2WQGA,L8A,A,322.15,6,-2,L,8
2WQGA,Q12A,A,322.15,6,-0.6,Q,12
2WQGA,Q12G,G,322.15,6,-2,Q,12
2WQGA,Q33A,A,322.15,6,0.1,Q,33
2WQGA,R34A,A,322.15,6,-0.8,R,34
2WQGA,S23A,A,322.15,6,-0.6,S,23
2WQGA,S6A,A,322.15,6,0.1,S,6
2WQGA,S6G,G,322.15,6,-0.2,S,6
2WQGA,T9S,S,322.15,6,0.1,T,9
2WQGA,V10A,A,322.15,6,-0.1,V,10
2WQGA,V10G,G,322.15,6,-0.7,V,10
2WQGA,V11A,A,322.15,6,0.4,V,11
2WQGA,V11G,G,322.15,6,0.1,V,11
2WQGA,V24A,A,322.15,6,-0.5,V,24
2WQGA,Y5F,F,322.15,6,-2.4,Y,5
2ZTAA,E11Q,Q,288.15,7,-0.74,E,11
2ZTAA,E20Q,Q,288.15,7,0.2,E,20
2ZTAA,E22Q,Q,288.15,7,-1.83,E,22
2ZTAA,K15A,A,288.15,7,-0.41,K,15
2ZTAA,K27A,A,288.15,7,-0.91,K,27
2ZTAA,K28A,A,288.15,7,-0.06,K,28
2ZTAA,K8A,A,288.15,7,-0.39,K,8
2ZTAA,R25A,A,288.15,7,-1.66,R,25
3BCIA,E96Q,Q,298.15,7,1.369,E,96
3BCIA,T153V,V,298.15,7,-1.137,T,153
3BN0A,I20V,V,295.65,5.5,-1.506,I,20
3C2IA,D156E,E,298.15,7.5,0.88,D,156
3C2IA,F155S,S,298.15,7.5,0.43,F,155
3C2IA,L100V,V,298.15,7.5,1.11,L,100
3C2IA,P152R,R,298.15,7.5,1.46,P,152
3C2IA,R106Q,Q,298.15,7.5,0.12,R,106
3C2IA,R106W,W,298.15,7.5,0.04,R,106
3C2IA,R111G,G,298.15,7.5,-0.43,R,111
3C2IA,R133C,C,298.15,7.5,0.37,R,133
3C2IA,R133H,H,298.15,7.5,0.24,R,133
3C2IA,S134C,C,298.15,7.5,1.05,S,134
3C2IA,T158A,A,298.15,7.5,0.47,T,158
3C2IA,T158M,M,298.15,7.5,0.25,T,158
3D2AA,M134E,E,298.15,7.2,3.02,M,134
3D2AA,M137P,P,298.15,7.2,3.34,M,137
3D2AA,S163P,P,298.15,7.2,2.11,S,163
3D3BA,D118A,A,328.15,7.5,-0.65,D,118
3D3BA,D118E,E,328.15,7.5,-0.6,D,118
3D3BA,D118K,K,328.15,7.5,-1.6,D,118
3D3BA,D118N,N,328.15,7.5,-1.34,D,118
3D3BA,D118R,R,328.15,7.5,-1.41,D,118
3DV0I,A131G,G,325,5.5,-1.7,A,131
3DV0I,A139G,G,325,5.5,-2.3,A,139
3DV0I,A165G,G,325,5.5,-0.9,A,165
3DV0I,A168G,G,325,5.5,-0.3,A,168
3DV0I,D145A,A,325,5.5,-2.1,D,145
3DV0I,D145N,N,325,5.5,-0.9,D,145
3DV0I,D162N,N,325,5.5,-2,D,162
3DV0I,D164A,A,325,5.5,-2.3,D,164
3DV0I,D164G,G,325,5.5,-3.7,D,164
3DV0I,D164N,N,325,5.5,-1.9,D,164
3DV0I,E141A,A,325,5.5,-0.7,E,141
3DV0I,E141Q,Q,325,5.5,-0.4,E,141
3DV0I,I130A,A,325,5.5,-0.7,I,130
3DV0I,I130G,G,325,5.5,-1.4,I,130
3DV0I,I130V,V,325,5.5,-0.2,I,130
3DV0I,I146A,A,325,5.5,-2.7,I,146
3DV0I,I146V,V,325,5.5,-1.2,I,146
3DV0I,I163V,V,325,5.5,-0.5,I,163
3DV0I,L159A,A,325,5.5,-2,L,159
3DV0I,L159G,G,325,5.5,-1.9,L,159
3DV0I,L159V,V,325,5.5,-0.6,L,159
3DV0I,L167A,A,325,5.5,-1.2,L,167
3DV0I,L167V,V,325,5.5,-0.2,L,167
3DV0I,V129A,A,325,5.5,-0.7,V,129
3DV0I,V129G,G,325,5.5,-1,V,129
3DV0I,V135A,A,325,5.5,-1.5,V,135
3DV0I,V144A,A,325,5.5,-2,V,144
3DV0I,V149A,A,325,5.5,-2.8,V,149
3DV0I,V149G,G,325,5.5,-4.1,V,149
3DV0I,V158A,A,325,5.5,-3.2,V,158
3DV0I,Y138F,F,325,5.5,-2,Y,138
3ECUA,H46R,R,298.15,7.8,0.8,H,46
3FISA,P61A,A,331.25,7.4,-0.5,P,61
3G1GA,D155Y,Y,298.15,7,0.34,D,155
3G1GA,F167Y,Y,298.15,7,-0.74,F,167
3G1GA,I190V,V,298.15,7,-0.17,I,190
3G1GA,R185W,W,298.15,7,1.32,R,185
3K82A,E334L,L,,7.5,-3.35,E,334
3K82A,E334Q,Q,,7.5,-1.68,E,334
3K82A,E401R,R,,7.5,5.49,E,401
3L15B,Y442H,H,298,7.4,-3.23,Y,442
3MONB,R39G,G,298.15,5.5,1.194,R,39
3MONB,W3C,C,298.15,5.5,-2.866,W,3
3O39A,F115I,I,298.15,7.4,-1.81,F,115
3O39A,F115L,L,298.15,7.4,-1.64,F,115
3O39A,H96L,L,298.15,7.4,-0.58,H,96
3O39A,L32P,P,298.15,7.4,-3.25,L,32
3O39A,Q100L,L,298.15,7.4,-2,Q,100
3O39A,Q49L,L,298.15,7.4,-0.05,Q,49
3S4MA,D122Y,Y,298.15,7,-1.3,D,122
3S4MA,G130V,V,298.15,7,-2.5,G,130
3S4MA,I154F,F,298.15,7,0.096,I,154
3S4MA,W155R,R,298.15,7,-0.693,W,155
3S92A,H395R,R,283.15,7.5,2.03,H,395
4BJXA,A89V,V,283.15,7.5,0.99,A,89
4BUQA,Y137A,A,298.15,7.4,0.89,Y,137
4BUQA,Y48A,A,298.15,7.4,-1.435,Y,48
4HE7A,A19D,D,298.15,7.6,-0.24,A,19
4HE7A,A19G,G,298.15,7.6,0.06,A,19
4HE7A,A19K,K,298.15,7.6,-0.46,A,19
4N6V0,H75W,W,298.15,6,0.574,H,75
4N6V0,P36G,G,298.15,6,-1.362,P,36
4N6V0,P79S,S,298.15,6,1.745,P,79
4WAAA,K65A,A,298.15,7,0.1,K,65
4WAAA,K67A,A,298.15,7,-2.07,K,67
4WAAA,R27A,A,298.15,7,-0.44,R,27
4YEEA,V134T,T,298.15,7.5,-0.71,V,134
4YEFA,T134V,V,298.15,7.5,-0.93,T,134
5JXBA,D329G,G,,7.5,-1.44,D,329
5JXBA,D329P,P,,7.5,-1.44,D,329
5OAQA,Y429H,H,298,7.4,-2.99,Y,429
5VP3A,R39K,K,298.15,8,0.413,R,39
5VP3A,S128G,G,298.15,8,-0.378,S,128
5VP3A,V183T,T,298.15,8,0.354,V,183
